City_ID,City,Country,Date,Lat,Lng,Max Temp,Humidity,Cloudiness,Wind Speed
0,Hofn,IS,2021-06-01 18:56:20,64.2539,-15.2082,46.22,81,5,31.07
1,La Ronge,CA,2021-06-01 18:56:20,55.1001,-105.2842,73.65,35,40,10.36
2,San Cristobal,VE,2021-06-01 18:56:21,7.7669,-72.225,67.23,99,100,3.89
3,Vaini,TO,2021-06-01 18:56:21,-21.2,-175.2,71.76,94,75,3.44
4,Hobyo,SO,2021-06-01 18:56:21,5.3505,48.5268,79.34,80,99,20.45
5,San Patricio,US,2021-06-01 18:56:21,28.017,-97.5169,82.85,50,66,7.38
6,Qaqortoq,GL,2021-06-01 18:56:22,60.7167,-46.0333,42.33,72,52,12.55
7,Lebu,CL,2021-06-01 18:56:22,-37.6167,-73.65,57.25,98,100,7.83
8,Punta Arenas,CL,2021-06-01 18:56:23,-53.15,-70.9167,33.82,80,40,3.24
9,Faya,SA,2021-06-01 18:56:23,18.3851,42.4509,78.91,15,5,12.33
10,Hilo,US,2021-06-01 18:55:49,19.7297,-155.09,81.81,78,28,1.99
11,Jamestown,US,2021-06-01 18:54:32,42.097,-79.2353,73.02,41,20,5.01
12,Busselton,AU,2021-06-01 18:56:23,-33.65,115.3333,56.05,63,100,5.26
13,Atuona,PF,2021-06-01 18:56:24,-9.8,-139.0333,79.93,75,20,16.62
14,Kloulklubed,PW,2021-06-01 18:56:24,7.0419,134.2556,84.45,76,50,11.45
15,Cap Malheureux,MU,2021-06-01 18:56:24,-19.9842,57.6142,72.46,84,98,5.01
16,Port Alfred,ZA,2021-06-01 18:54:10,-33.5906,26.891,61.86,83,99,9.06
17,Chokurdakh,RU,2021-06-01 18:56:25,70.6333,147.9167,59.59,42,42,3.69
18,Pasni,PK,2021-06-01 18:56:25,25.2631,63.471,84.07,86,0,3.11
19,Bemidji,US,2021-06-01 18:56:25,47.4736,-94.8803,76.91,28,1,5.75
20,Guiratinga,BR,2021-06-01 18:56:26,-16.3494,-53.7583,88.68,32,43,5.53
21,Ushuaia,AR,2021-06-01 18:56:26,-54.8,-68.3,29.86,93,75,11.5
22,Cururupu,BR,2021-06-01 18:56:26,-1.8283,-44.8683,83.25,72,21,4.7
23,Mount Isa,AU,2021-06-01 18:56:27,-20.7333,139.5,58.77,67,1,1.14
24,Saskylakh,RU,2021-06-01 18:56:27,71.9167,114.0833,36.68,85,99,12.91
25,Pevek,RU,2021-06-01 18:56:27,69.7008,170.3133,37.65,68,57,1.77
26,Albany,US,2021-06-01 18:56:06,42.6001,-73.9662,77.61,43,90,5.64
27,Cape Town,ZA,2021-06-01 18:54:28,-33.9258,18.4232,57.61,81,0,6.98
28,Severo-Kurilsk,RU,2021-06-01 18:56:28,50.6789,156.125,39.18,92,100,3.49
29,Narsaq,GL,2021-06-01 18:56:28,60.9167,-46.05,46.08,55,73,10.87
30,Rikitea,PF,2021-06-01 18:56:29,-23.1203,-134.9692,71.91,55,2,22.26
31,Bluff,NZ,2021-06-01 18:56:29,-46.6,168.3333,49.8,87,98,18.32
32,New Norfolk,AU,2021-06-01 18:56:29,-42.7826,147.0587,51.58,72,99,1.01
33,Khatanga,RU,2021-06-01 18:56:30,71.9667,102.5,35.82,94,100,16.15
34,Esperance,AU,2021-06-01 18:56:30,-33.8667,121.9,55.24,74,99,11.07
35,Ancud,CL,2021-06-01 18:56:30,-41.8697,-73.8203,52.43,70,98,7.83
36,Mar Del Plata,AR,2021-06-01 18:56:31,-38.0023,-57.5575,65.08,49,0,1.01
37,Carnarvon,AU,2021-06-01 18:56:31,-24.8667,113.6333,55.47,82,82,9.22
38,Nanortalik,GL,2021-06-01 18:56:31,60.1432,-45.2371,40.14,78,59,12.06
39,Oistins,BB,2021-06-01 18:54:41,13.0667,-59.5333,86.09,51,40,16.11
40,Lavrentiya,RU,2021-06-01 18:56:32,65.5833,-171.0,32.09,71,7,17.69
41,Kamiiso,JP,2021-06-01 18:56:32,41.8167,140.65,51.66,81,100,2.8
42,Saint-Philippe,RE,2021-06-01 18:56:32,-21.3585,55.7679,76.59,84,56,11.83
43,Roald,NO,2021-06-01 18:56:33,62.5833,6.1333,67.12,82,11,5.75
44,Okha,RU,2021-06-01 18:56:33,53.5739,142.9478,41.14,92,19,7.61
45,Longyearbyen,SJ,2021-06-01 18:56:33,78.2186,15.6401,35.44,93,75,4.61
46,Zhigansk,RU,2021-06-01 18:56:34,66.7697,123.3711,54.23,59,100,6.46
47,Forestville,US,2021-06-01 18:51:47,38.8451,-76.875,81.05,53,40,11.5
48,Mangit,UZ,2021-06-01 18:56:34,40.5971,70.9607,79.88,30,0,4.18
49,Hamilton,US,2021-06-01 18:55:58,39.1834,-84.5333,78.03,51,100,1.01
50,Bethel,US,2021-06-01 18:56:35,41.3712,-73.414,79.09,49,100,1.01
51,Tasiilaq,GL,2021-06-01 18:56:35,65.6145,-37.6368,36.63,69,4,4.09
52,Half Moon Bay,US,2021-06-01 18:53:20,37.4636,-122.4286,88.57,68,90,3.0
53,Puerto Ayora,EC,2021-06-01 18:56:36,-0.7393,-90.3518,82.36,87,100,4.0
54,Bogande,BF,2021-06-01 18:56:36,12.9714,-0.1436,100.4,16,27,3.96
55,Dikson,RU,2021-06-01 18:56:36,73.5069,80.5464,30.34,98,97,8.84
56,Alofi,NU,2021-06-01 18:56:37,-19.0595,-169.9187,76.6,78,57,13.42
57,Butaritari,KI,2021-06-01 18:56:37,3.0707,172.7902,82.69,82,99,16.58
58,Chuy,UY,2021-06-01 18:56:38,-33.6971,-53.4616,66.11,53,74,11.32
59,Palmer,US,2021-06-01 18:56:38,42.1584,-72.3287,78.48,43,100,1.01
60,Emerald,AU,2021-06-01 18:56:38,-23.5333,148.1667,57.34,94,100,5.75
61,Haines Junction,CA,2021-06-01 18:56:38,60.7522,-137.5108,60.75,27,59,8.05
62,Norman Wells,CA,2021-06-01 18:56:39,65.282,-126.8329,44.64,81,90,16.11
63,Castro,BR,2021-06-01 18:56:39,-24.7911,-50.0119,66.72,61,0,3.0
64,Deputatskiy,RU,2021-06-01 18:56:40,69.3,139.9,55.67,41,78,2.62
65,Deloraine,AU,2021-06-01 18:56:40,-41.5333,146.6667,45.23,97,98,1.83
66,Bac Lieu,VN,2021-06-01 18:56:40,9.285,105.7244,82.35,81,100,9.91
67,Hobart,AU,2021-06-01 18:56:41,-42.8794,147.3294,51.93,73,100,3.0
68,Rosarito,MX,2021-06-01 18:56:41,32.3333,-117.0333,81.09,69,24,8.55
69,Batticaloa,LK,2021-06-01 18:56:41,7.7102,81.6924,81.99,79,61,4.94
70,Pisco,PE,2021-06-01 18:56:42,-13.7,-76.2167,68.05,77,20,11.5
71,Georgetown,MY,2021-06-01 18:56:42,5.4112,100.3354,81.9,91,20,3.0
72,Stornoway,GB,2021-06-01 18:56:42,58.2093,-6.3865,54.93,76,20,6.91
73,Kavieng,PG,2021-06-01 18:56:43,-2.5744,150.7967,78.55,86,100,5.82
74,Mantua,IT,2021-06-01 18:56:43,45.1667,10.7833,72.64,73,0,7.96
75,Novoagansk,RU,2021-06-01 18:56:43,61.9449,76.6625,41.59,70,17,8.19
76,Airai,TL,2021-06-01 18:56:44,-8.9266,125.4092,57.31,93,19,2.37
77,Atar,MR,2021-06-01 18:56:44,20.5169,-13.0499,97.41,23,99,9.24
78,Kidal,ML,2021-06-01 18:56:44,18.4411,1.4078,99.46,6,0,6.42
79,Fortuna,US,2021-06-01 18:56:45,40.5982,-124.1573,91.42,71,41,7.07
80,Honiara,SB,2021-06-01 18:56:45,-9.4333,159.95,77.94,89,90,4.9
81,Flin Flon,CA,2021-06-01 18:56:45,54.7682,-101.865,66.04,48,20,4.74
82,Eresos,GR,2021-06-01 18:56:46,39.1667,25.9333,69.31,71,72,10.4
83,Thompson,CA,2021-06-01 18:56:46,55.7435,-97.8558,59.16,47,20,4.61
84,Butembo,CD,2021-06-01 18:56:46,0.15,29.2833,60.98,76,93,3.71
85,Usinsk,RU,2021-06-01 18:56:47,65.9939,57.5281,35.6,72,100,21.94
86,Puerto Escondido,MX,2021-06-01 18:56:47,15.85,-97.0667,88.97,60,97,9.31
87,Mallow,IE,2021-06-01 18:56:47,52.1333,-8.6333,63.63,88,18,6.51
88,Mahebourg,MU,2021-06-01 18:56:16,-20.4081,57.7,72.25,100,75,4.61
89,Katsuura,JP,2021-06-01 18:56:48,35.1333,140.3,69.12,79,100,6.82
90,Aksarka,RU,2021-06-01 18:56:48,66.5606,67.7975,35.74,58,2,14.81
91,Kapaa,US,2021-06-01 18:56:48,22.0752,-159.319,82.11,75,35,1.99
92,Arraial Do Cabo,BR,2021-06-01 18:56:49,-22.9661,-42.0278,76.96,78,20,12.66
93,Metro,ID,2021-06-01 18:56:49,-5.1131,105.3067,75.15,92,48,4.63
94,Cockburn Town,TC,2021-06-01 18:56:49,21.4612,-71.1419,84.16,65,40,14.97
95,Prince Rupert,CA,2021-06-01 18:56:50,54.3161,-130.3201,62.69,85,90,8.05
96,Alberobello,IT,2021-06-01 18:56:50,40.7859,17.2372,64.06,61,0,8.59
97,East London,ZA,2021-06-01 18:56:50,-33.0153,27.9116,59.94,72,0,3.44
98,Manavgat,TR,2021-06-01 18:56:51,36.7867,31.4431,71.83,76,75,10.38
99,Klaksvik,FO,2021-06-01 18:56:51,62.2266,-6.589,49.12,78,100,12.39
100,Gushikawa,JP,2021-06-01 18:56:51,26.3544,127.8686,76.23,90,100,12.41
101,Barrow,US,2021-06-01 18:56:52,71.2906,-156.7887,30.99,81,100,13.42
102,Hommelvik,NO,2021-06-01 18:56:52,63.4108,10.7942,71.56,49,0,17.27
103,Conakry,GN,2021-06-01 18:52:29,9.538,-13.6773,86.07,74,20,11.5
104,Ampanihy,MG,2021-06-01 18:56:52,-24.7,44.75,66.07,84,100,14.23
105,Uyuni,BO,2021-06-01 18:56:53,-20.4597,-66.825,49.3,10,100,10.09
106,Viedma,AR,2021-06-01 18:56:53,-40.8135,-62.9967,57.88,46,4,22.55
107,Iqaluit,CA,2021-06-01 18:56:53,63.7506,-68.5145,33.53,93,90,8.99
108,Qaanaaq,GL,2021-06-01 18:56:54,77.484,-69.3632,31.51,78,91,2.46
109,Avarua,CK,2021-06-01 18:56:54,-21.2078,-159.775,75.25,78,75,3.44
110,Svetlaya,RU,2021-06-01 18:56:54,46.5389,138.3297,48.92,91,100,5.91
111,Sabang,ID,2021-06-01 18:56:55,5.8933,95.3214,83.55,73,100,11.54
112,Vanimo,PG,2021-06-01 18:56:55,-2.6741,141.3028,75.24,91,100,3.27
113,Srednekolymsk,RU,2021-06-01 18:56:55,67.45,153.6833,58.06,38,98,2.46
114,Horsham,GB,2021-06-01 18:56:56,51.064,-0.3272,72.84,42,0,10.78
115,Mayumba,GA,2021-06-01 18:56:56,-3.432,10.6554,77.25,82,96,2.46
116,Havre-Saint-Pierre,CA,2021-06-01 18:56:56,50.2334,-63.5986,46.76,87,90,19.57
117,Solvychegodsk,RU,2021-06-01 18:56:56,61.3305,46.9156,41.86,85,7,2.91
118,Tuktoyaktuk,CA,2021-06-01 18:56:57,69.4541,-133.0374,33.8,69,90,9.22
119,Jilib,SO,2021-06-01 18:56:57,0.4883,42.7854,74.95,84,80,7.87
120,Sitka,US,2021-06-01 18:54:35,57.0531,-135.33,51.69,87,90,4.61
121,Moa,CU,2021-06-01 18:56:58,20.6569,-74.9403,83.12,69,100,12.26
122,Hermanus,ZA,2021-06-01 18:55:58,-34.4187,19.2345,55.9,82,2,3.2
123,Bredasdorp,ZA,2021-06-01 18:56:58,-34.5322,20.0403,52.92,87,0,2.51
124,Codrington,AU,2021-06-01 18:56:58,-38.2667,141.9667,51.64,72,100,7.05
125,Saint-Joseph,RE,2021-06-01 18:56:59,-21.3667,55.6167,75.58,82,26,12.01
126,Ribeira Grande,PT,2021-06-01 18:56:59,38.5167,-28.7,63.0,48,40,13.8
127,Lingao,CN,2021-06-01 18:57:00,19.9103,109.6859,83.89,76,100,9.08
128,Sao Raimundo Das Mangabeiras,BR,2021-06-01 18:57:00,-7.0219,-45.4811,93.78,31,9,2.48
129,Clyde River,CA,2021-06-01 18:57:00,70.4692,-68.5914,26.83,93,90,11.5
130,Jaciara,BR,2021-06-01 18:57:01,-15.9653,-54.9683,91.6,29,88,2.51
131,Yumen,CN,2021-06-01 18:57:01,40.2833,97.2,60.24,12,83,16.75
132,Russell,US,2021-06-01 18:57:01,32.3502,-85.1999,85.15,54,88,5.32
133,Clifton,US,2021-06-01 18:53:35,40.8584,-74.1638,79.95,43,100,4.0
134,Novo Oriente,BR,2021-06-01 18:57:02,-5.5344,-40.7742,91.44,34,37,2.75
135,Cam Ranh,VN,2021-06-01 18:57:02,11.9214,109.1591,82.36,74,20,4.07
136,Hithadhoo,MV,2021-06-01 18:57:02,-0.6,73.0833,83.97,66,100,14.7
137,Meiganga,CM,2021-06-01 18:57:03,6.5167,14.3,65.98,95,65,1.54
138,Voznesenye,RU,2021-06-01 18:57:03,61.0106,35.4781,50.63,71,100,0.72
139,Cidreira,BR,2021-06-01 18:57:03,-30.1811,-50.2056,65.57,58,42,7.09
140,Mataura,NZ,2021-06-01 18:57:04,-46.1927,168.8643,49.48,77,100,5.75
141,Saint Anthony,US,2021-06-01 18:57:04,45.0205,-93.218,79.75,35,40,1.99
142,Culasi,PH,2021-06-01 18:57:04,11.4272,122.056,79.63,91,100,15.79
143,Lorengau,PG,2021-06-01 18:57:05,-2.0226,147.2712,77.7,83,88,3.33
144,Cherskiy,RU,2021-06-01 18:57:05,68.75,161.3,62.06,32,8,2.98
145,Nairn,GB,2021-06-01 18:57:05,57.5809,-3.8797,65.73,74,0,11.14
146,Richards Bay,ZA,2021-06-01 18:57:06,-28.783,32.0377,63.16,69,100,17.52
147,Baykit,RU,2021-06-01 18:55:43,61.67,96.37,51.64,68,100,4.0
148,Kodiak,US,2021-06-01 18:57:07,57.79,-152.4072,47.71,87,90,11.5
149,Sandwick,GB,2021-06-01 18:57:07,60.0,-1.25,51.62,82,0,6.49
150,Guerrero Negro,MX,2021-06-01 18:57:07,27.9769,-114.0611,72.88,49,2,10.87
151,Port Elizabeth,ZA,2021-06-01 18:57:08,-33.918,25.5701,59.29,94,75,5.75
152,Tiksi,RU,2021-06-01 18:57:08,71.6872,128.8694,36.36,90,93,3.15
153,Touros,BR,2021-06-01 18:57:08,-5.1989,-35.4608,85.1,67,36,13.91
154,La Paz,BO,2021-06-01 18:54:05,-16.5,-68.15,62.58,10,75,8.05
155,Kontagora,NG,2021-06-01 18:57:09,10.3999,5.4695,86.16,52,52,9.1
156,Gamba,GA,2021-06-01 18:57:09,-2.65,10.0,75.85,84,65,4.54
157,Mount Gambier,AU,2021-06-01 18:57:09,-37.8333,140.7667,46.31,76,40,6.91
158,Leningradskiy,RU,2021-06-01 18:57:10,69.3833,178.4167,28.69,87,60,13.53
159,Dawei,MM,2021-06-01 18:57:10,14.0833,98.2,79.21,91,31,2.66
160,Semporna,MY,2021-06-01 18:57:10,4.4818,118.6112,73.6,85,100,4.47
161,Provideniya,RU,2021-06-01 18:57:11,64.3833,-173.3,37.63,50,0,13.44
162,Boa Vista,BR,2021-06-01 18:55:09,2.8197,-60.6733,84.18,65,75,8.05
163,Vanavara,RU,2021-06-01 18:57:11,60.34,102.2797,50.47,67,7,3.74
164,Terenos,BR,2021-06-01 18:57:11,-20.4422,-54.8603,82.11,54,75,4.45
165,Luderitz,NA,2021-06-01 18:57:12,-26.6481,15.1594,65.32,36,0,11.77
166,Ayagoz,KZ,2021-06-01 18:57:12,47.9714,80.4392,63.68,61,100,0.92
167,Da Nang,VN,2021-06-01 18:55:33,16.0678,108.2208,87.85,66,20,4.61
168,Manokwari,ID,2021-06-01 18:57:12,-0.8667,134.0833,78.84,78,83,4.79
169,Adrar,MR,2021-06-01 18:57:13,20.5022,-10.0711,101.61,16,100,9.35
170,Upernavik,GL,2021-06-01 18:57:13,72.7868,-56.1549,31.51,86,29,5.37
171,Farrukhnagar,IN,2021-06-01 18:57:13,17.0778,78.2011,83.57,51,46,3.38
172,Luzhou,CN,2021-06-01 18:57:14,28.8724,105.4405,74.5,83,99,1.14
173,Basco,PH,2021-06-01 18:57:14,20.4487,121.9702,83.77,79,96,9.4
174,Ada,US,2021-06-01 18:57:14,43.4166,-116.1262,83.34,28,94,8.99
175,Mapiripan,CO,2021-06-01 18:57:15,2.8892,-72.1256,83.79,70,49,4.74
176,Peterhead,GB,2021-06-01 18:57:15,57.5058,-1.7981,61.12,91,10,11.23
177,Poum,NC,2021-06-01 18:57:15,-20.2333,164.0167,71.33,62,9,8.05
178,Sao Lourenco Do Sul,BR,2021-06-01 18:57:16,-31.3653,-51.9783,75.25,56,23,7.83
179,Chara,RU,2021-06-01 18:57:16,56.9064,118.2631,50.63,66,100,4.12
180,Sao Filipe,CV,2021-06-01 18:57:16,14.8961,-24.4956,74.37,77,100,8.28
181,Mandalgovi,MN,2021-06-01 18:57:17,45.7625,106.2708,37.8,58,100,9.62
182,Saldanha,ZA,2021-06-01 18:57:17,-33.0117,17.9442,55.45,86,0,11.72
183,Pacifica,US,2021-06-01 18:53:31,37.6138,-122.4869,89.26,78,20,1.99
184,Krasnyye Baki,RU,2021-06-01 18:57:17,57.131,45.1599,52.02,65,95,5.23
185,Charters Towers,AU,2021-06-01 18:57:18,-20.1,146.2667,58.84,94,8,7.31
186,Bardiyah,LY,2021-06-01 18:57:18,31.7561,25.0865,69.73,69,97,13.24
187,Faanui,PF,2021-06-01 18:57:18,-16.4833,-151.75,79.93,69,38,14.52
188,Bengkulu,ID,2021-06-01 18:57:19,-3.8004,102.2655,75.94,88,64,3.94
189,Tizayuca,MX,2021-06-01 18:57:19,19.8333,-98.9833,74.57,27,5,8.21
190,Constantine,DZ,2021-06-01 18:53:06,36.365,6.6147,83.61,34,75,8.05
191,Wajir,KE,2021-06-01 18:57:19,1.7471,40.0573,84.16,51,0,0.0
192,Port Hueneme,US,2021-06-01 18:55:30,34.1478,-119.1951,91.02,79,90,9.22
193,Fez,MA,2021-06-01 18:57:20,34.0372,-4.9998,78.91,41,0,13.42
194,Tessalit,ML,2021-06-01 18:57:20,20.1986,1.0114,100.51,6,71,8.14
195,Neiafu,TO,2021-06-01 18:57:20,-18.65,-173.9833,70.48,100,90,5.75
196,Talnakh,RU,2021-06-01 18:57:21,69.4865,88.3972,28.35,97,75,2.71
197,Hanmer Springs,NZ,2021-06-01 18:57:21,-42.5167,172.8167,39.24,86,32,6.31
198,Zheleznodorozhnyy,RU,2021-06-01 18:57:21,55.7503,38.0042,55.81,65,7,5.23
199,Anadyr,RU,2021-06-01 18:57:22,64.75,177.4833,36.1,64,0,4.56
200,Ponta Do Sol,PT,2021-06-01 18:57:22,32.6667,-17.1,70.43,77,75,4.88
201,Mangan,IN,2021-06-01 18:57:22,27.5167,88.5333,73.36,93,100,1.23
202,Pathein,MM,2021-06-01 18:57:23,16.7833,94.7333,81.41,82,70,4.12
203,Naze,JP,2021-06-01 18:57:23,28.3667,129.4833,70.9,87,99,13.85
204,Cabo San Lucas,MX,2021-06-01 18:57:24,22.8909,-109.9124,97.81,52,69,7.36
205,Bambous Virieux,MU,2021-06-01 18:57:24,-20.3428,57.7575,72.21,100,75,14.85
206,Zelenogorskiy,RU,2021-06-01 18:57:24,55.0333,87.0,66.72,66,74,2.37
207,Mezhdurechensk,RU,2021-06-01 18:57:24,53.6942,88.0603,51.46,72,95,3.36
208,Maldonado,UY,2021-06-01 18:57:25,-34.6667,-54.9167,65.59,61,100,16.11
209,Innisfail,AU,2021-06-01 18:57:25,-17.5333,146.0333,69.01,84,80,3.62
210,Helong,CN,2021-06-01 18:57:25,42.5397,128.9972,49.55,95,94,4.56
211,Meulaboh,ID,2021-06-01 18:57:26,4.1363,96.1285,78.57,86,100,2.73
212,Mahajanga,MG,2021-06-01 18:57:26,-15.7167,46.3167,75.22,94,20,0.0
213,Broome,US,2021-06-01 18:57:26,42.2506,-75.833,75.69,44,98,1.99
214,Santa Catarina De Tepehuanes,MX,2021-06-01 18:57:27,25.35,-105.7333,84.61,16,11,10.22
215,Nemuro,JP,2021-06-01 18:57:27,43.3236,145.575,43.77,89,72,8.21
216,Mutoko,ZW,2021-06-01 18:57:27,-17.397,32.2268,64.13,55,99,3.89
217,Gagra,GE,2021-06-01 18:57:28,43.3283,40.2239,63.52,92,100,5.37
218,Lagoa,PT,2021-06-01 18:57:28,39.05,-27.9833,59.38,62,16,15.05
219,Maragogi,BR,2021-06-01 18:57:28,-9.0122,-35.2225,79.48,71,10,7.0
220,Soto La Marina,MX,2021-06-01 18:57:29,23.7667,-98.2167,92.39,46,100,19.44
221,Saint Joseph,US,2021-06-01 18:57:29,39.7686,-94.8466,71.8,67,90,3.44
222,Alice Springs,AU,2021-06-01 18:57:29,-23.7,133.8833,62.15,29,75,0.31
223,Torbay,CA,2021-06-01 18:57:30,47.6666,-52.7314,65.17,82,75,25.32
224,Sishui,CN,2021-06-01 18:57:30,35.6489,117.2758,68.95,84,100,5.82
225,Digha,IN,2021-06-01 18:57:30,21.6833,87.55,85.12,87,26,13.27
226,Rocha,UY,2021-06-01 18:57:31,-34.4833,-54.3333,63.91,56,99,13.13
227,Salalah,OM,2021-06-01 18:54:59,17.0151,54.0924,81.82,78,100,7.83
228,Taoudenni,ML,2021-06-01 18:57:31,22.6783,-3.9836,106.99,8,19,7.58
229,Sola,VU,2021-06-01 18:57:31,-13.8833,167.55,79.34,79,100,23.76
230,Alta Floresta,BR,2021-06-01 18:57:32,-9.8756,-56.0861,91.22,43,40,5.75
231,Doka,SD,2021-06-01 18:57:32,13.5167,35.7667,96.69,17,96,5.73
232,Tarata,BO,2021-06-01 18:57:32,-17.6167,-66.0167,74.07,8,94,2.66
233,Lata,PT,2021-06-01 18:57:33,40.1629,-8.3327,63.05,77,100,4.45
234,Dunedin,NZ,2021-06-01 18:57:33,-45.8742,170.5036,46.29,69,93,9.46
235,Ahuimanu,US,2021-06-01 18:57:34,21.4447,-157.8378,82.78,65,23,8.08
236,Port Hawkesbury,CA,2021-06-01 18:57:34,45.6169,-61.3485,56.91,85,90,5.99
237,Kahului,US,2021-06-01 18:52:52,20.8947,-156.47,83.97,67,1,4.61
238,Gashua,NG,2021-06-01 18:57:34,12.871,11.0482,93.65,22,30,3.62
239,Sao Borja,BR,2021-06-01 18:57:35,-28.6606,-56.0044,71.65,44,7,4.85
240,Asau,RO,2021-06-01 18:57:35,46.4333,26.4,51.76,94,100,7.31
241,Delmas,HT,2021-06-01 18:57:35,18.5447,-72.3028,85.75,61,99,6.69
242,Zhanaozen,KZ,2021-06-01 18:57:36,43.3,52.8,80.8,32,0,5.66
243,Gejiu,CN,2021-06-01 18:57:36,23.306,103.1635,59.29,88,34,1.68
244,The Valley,AI,2021-06-01 18:57:36,18.217,-63.0578,85.86,65,20,17.27
245,Constitucion,CL,2021-06-01 18:57:37,-35.3333,-72.4167,58.33,99,100,5.19
246,Koumac,NC,2021-06-01 18:57:37,-20.5667,164.2833,66.11,70,6,4.59
247,Raudeberg,NO,2021-06-01 18:57:38,61.9875,5.1352,71.2,79,3,4.09
248,Tilichiki,RU,2021-06-01 18:57:38,60.4667,166.1,41.23,64,5,1.34
249,Aneby,SE,2021-06-01 18:57:38,57.839,14.8102,57.2,69,0,9.66
250,Westport,US,2021-06-01 18:57:39,41.1415,-73.3579,80.28,51,100,1.01
251,Kerema,PG,2021-06-01 18:57:39,-7.9631,145.7785,77.2,90,93,6.38
252,Letka,RU,2021-06-01 18:57:39,59.6011,49.4232,46.85,83,82,5.46
253,Mitu,CO,2021-06-01 18:57:40,1.1983,-70.1733,80.94,87,98,2.64
254,Chengde,CN,2021-06-01 18:57:40,40.9725,117.9361,57.52,79,90,1.03
255,Flinders,AU,2021-06-01 18:57:40,-34.5833,150.8552,51.39,79,23,1.01
256,Phan Thiet,VN,2021-06-01 18:57:41,10.9333,108.1,79.79,87,100,4.88
257,Namibe,AO,2021-06-01 18:57:41,-15.1961,12.1522,70.68,84,87,5.23
258,Ciechanow,PL,2021-06-01 18:57:41,52.8814,20.62,62.46,84,100,7.4
259,Rundu,NA,2021-06-01 18:57:42,-17.9333,19.7667,59.22,27,90,6.02
260,Sosnovo-Ozerskoye,RU,2021-06-01 18:57:42,52.5249,111.5418,43.59,96,100,5.95
261,Mao,ES,2021-06-01 18:57:42,39.8885,4.2658,68.56,94,75,19.57
262,Ugoofaaru,MV,2021-06-01 18:57:43,5.6667,73.0,83.26,69,65,16.89
263,Verin,ES,2021-06-01 18:57:43,41.9415,-7.4381,69.57,67,46,6.22
264,Aklavik,CA,2021-06-01 18:57:43,68.2191,-135.0107,34.52,80,90,8.05
265,Eureka,US,2021-06-01 18:57:43,40.8021,-124.1637,91.67,75,42,3.0
266,Umm Lajj,SA,2021-06-01 18:57:44,25.0213,37.2685,89.24,54,98,7.05
267,Saint Stephen,GB,2021-06-01 18:57:44,50.3333,-4.9,68.27,40,0,11.27
268,Sabha,LY,2021-06-01 18:57:44,27.0377,14.4283,91.99,16,4,10.27
269,Ostrovnoy,RU,2021-06-01 18:57:45,68.0531,39.5131,44.11,90,100,12.71
270,Ambalavao,MG,2021-06-01 18:57:45,-21.8333,46.9333,61.38,94,100,4.03
271,Banjar,ID,2021-06-01 18:57:45,-8.19,114.9675,76.86,83,22,2.8
272,Akyab,MM,2021-06-01 18:57:46,20.15,92.9,82.87,82,41,4.45
273,Merritt Island,US,2021-06-01 18:57:46,28.5392,-80.672,94.05,66,40,10.29
274,Tabuk,PH,2021-06-01 18:57:46,17.4189,121.4443,76.42,87,100,2.44
275,Vestmannaeyjar,IS,2021-06-01 18:57:47,63.4427,-20.2734,45.54,80,100,15.01
276,Genhe,CN,2021-06-01 18:57:47,50.7833,121.5167,41.38,98,100,2.73
277,Pingliang,CN,2021-06-01 18:57:47,35.5392,106.6861,64.87,61,100,3.04
278,Qurayyat,SA,2021-06-01 18:57:48,31.3318,37.3428,84.38,23,0,19.53
279,Eskil,TR,2021-06-01 18:57:48,38.4017,33.4131,57.94,63,89,7.85
280,Zhangye,CN,2021-06-01 18:57:48,38.9342,100.4517,63.95,16,100,15.23
281,Methoni,GR,2021-06-01 18:57:49,36.8197,21.7049,66.06,68,5,19.13
282,Ola,RU,2021-06-01 18:57:49,59.5833,151.2833,37.63,98,100,3.76
283,Verkhnyaya Inta,RU,2021-06-01 18:57:49,65.9811,60.3094,34.03,78,100,19.86
284,Ilulissat,GL,2021-06-01 18:57:50,69.2167,-51.1,36.88,73,21,5.86
285,Kaitangata,NZ,2021-06-01 18:57:50,-46.2817,169.8464,47.93,70,99,10.16
286,Enshi,CN,2021-06-01 18:57:50,30.3,109.4833,71.26,85,100,0.98
287,Bosobolo,CD,2021-06-01 18:57:51,4.1833,19.9,74.19,71,77,2.68
288,West Fargo,US,2021-06-01 18:57:51,46.875,-96.9004,80.65,18,1,5.99
289,Shimoda,JP,2021-06-01 18:57:51,34.6667,138.95,69.12,86,100,2.51
290,Bhag,PK,2021-06-01 18:57:52,29.0415,67.8239,95.7,27,0,1.63
291,Turukhansk,RU,2021-06-01 18:57:52,65.8167,87.9833,31.66,87,5,4.41
292,Yar-Sale,RU,2021-06-01 18:57:52,66.8333,70.8333,34.05,72,2,10.63
293,Dalaba,GN,2021-06-01 18:57:53,10.7,-12.25,66.94,92,98,4.83
294,Komsomolskoye,RU,2021-06-01 18:57:53,55.2567,47.5461,51.82,78,100,7.07
295,Pincher Creek,CA,2021-06-01 18:57:53,49.4833,-113.952,77.36,29,90,12.66
296,Aracaju,BR,2021-06-01 18:57:54,-10.9111,-37.0717,76.95,83,75,4.61
297,Dingle,PH,2021-06-01 18:57:54,10.9995,122.6711,76.05,95,100,17.38
298,Los Llanos De Aridane,ES,2021-06-01 18:57:54,28.6585,-17.9182,67.75,83,20,8.61
299,Bonavista,CA,2021-06-01 18:57:55,48.6499,-53.1147,64.4,92,85,20.45
300,Krasnaya Polyana,RU,2021-06-01 18:57:55,56.242,51.1442,54.0,64,100,5.08
301,Mehamn,NO,2021-06-01 18:57:55,71.0357,27.8492,44.78,93,75,19.57
302,Doha,QA,2021-06-01 18:56:26,25.2867,51.5333,98.58,19,0,11.5
303,Macusani,PE,2021-06-01 18:57:56,-14.0833,-70.4333,53.85,34,67,4.99
304,Te Anau,NZ,2021-06-01 18:57:56,-45.4167,167.7167,46.67,89,94,4.29
305,Lasa,IT,2021-06-01 18:57:56,46.6166,10.7002,59.74,84,53,1.83
306,Liverpool,GB,2021-06-01 18:55:12,53.4106,-2.9779,75.15,53,100,10.92
307,Port Lincoln,AU,2021-06-01 18:57:57,-34.7333,135.8667,58.1,76,96,5.68
308,Ati,TD,2021-06-01 18:57:57,13.2154,18.3353,86.27,45,100,20.04
309,Esmeraldas,BR,2021-06-01 18:57:57,-19.7625,-44.3139,78.91,49,99,3.83
310,Qui Nhon,VN,2021-06-01 18:57:58,13.7667,109.2333,81.95,81,100,3.36
311,Mosquera,CO,2021-06-01 18:55:00,4.7059,-74.2302,68.09,52,40,9.22
312,Novikovo,RU,2021-06-01 18:57:58,51.1537,37.8879,52.36,78,100,13.58
313,Karratha,AU,2021-06-01 18:57:59,-20.7377,116.8463,69.28,34,90,16.71
314,Domna,RU,2021-06-01 18:57:59,51.8971,113.1573,42.96,87,100,2.42
315,Leshukonskoye,RU,2021-06-01 18:58:00,64.8989,45.7622,37.36,60,72,6.6
316,Terracina,IT,2021-06-01 18:58:00,41.2863,13.2217,68.95,66,16,5.12
317,Vardo,NO,2021-06-01 18:58:00,70.3705,31.1107,52.0,81,75,19.57
318,Weihe,CN,2021-06-01 18:58:01,32.9952,105.3247,60.85,87,100,0.89
319,Yellowknife,CA,2021-06-01 18:55:03,62.456,-114.3525,51.3,100,90,8.05
320,Kochi,IN,2021-06-01 18:58:01,9.9399,76.2602,76.98,82,83,6.51
321,Nikolskoye,RU,2021-06-01 18:58:02,59.7035,30.7861,58.89,77,43,3.31
322,Santa Marta,CO,2021-06-01 18:57:08,11.2408,-74.199,87.98,70,100,7.23
323,Kashi,CN,2021-06-01 18:58:02,39.4547,75.9797,77.23,35,37,2.89
324,Hasaki,JP,2021-06-01 18:58:02,35.7333,140.8333,59.4,77,100,6.89
325,Puerto Penasco,MX,2021-06-01 18:58:03,31.3167,-113.5333,81.91,50,91,8.01
326,Tha Mai,TH,2021-06-01 18:58:03,12.6214,102.0048,83.05,84,6,4.68
327,Lawton,US,2021-06-01 18:58:03,34.6087,-98.3903,72.07,78,100,11.99
328,Kilindoni,TZ,2021-06-01 18:58:04,-7.9139,39.6668,78.46,74,27,10.67
329,Halifax,CA,2021-06-01 18:53:56,44.6453,-63.5724,61.21,76,90,14.97
330,Jining,CN,2021-06-01 18:54:39,35.405,116.5814,71.04,75,100,8.3
331,Wanning,CN,2021-06-01 18:58:04,18.8003,110.3967,82.56,94,100,9.89
332,Biltine,TD,2021-06-01 18:58:05,14.5333,20.9167,92.41,26,100,10.58
333,Kota,IN,2021-06-01 18:58:05,25.1833,75.8333,94.57,27,5,7.63
334,Progreso,MX,2021-06-01 18:58:05,21.2833,-89.6667,93.11,64,100,15.97
335,Upata,VE,2021-06-01 18:58:06,8.0086,-62.3989,85.19,72,53,6.67
336,Luau,AO,2021-06-01 18:58:06,-10.7073,22.2247,64.4,41,85,3.69
337,Belyy Yar,RU,2021-06-01 18:58:06,53.6039,91.3903,51.69,50,0,2.24
338,Lahij,YE,2021-06-01 18:58:07,13.1667,44.5833,90.21,36,0,2.53
339,Prince George,CA,2021-06-01 18:55:52,53.9166,-122.753,72.25,56,75,3.44
340,Swan Hill,AU,2021-06-01 18:58:07,-35.3378,143.5544,49.59,70,3,5.5
341,College,US,2021-06-01 18:58:07,64.8569,-147.8028,59.09,86,100,3.27
342,Victoria,HK,2021-06-01 18:58:08,22.2855,114.1577,79.32,89,100,1.01
343,Pechenga,RU,2021-06-01 18:58:08,69.5259,31.1703,54.46,86,100,14.18
344,Curuca,BR,2021-06-01 18:58:09,-0.7289,-47.8481,78.33,92,73,4.92
345,Itarema,BR,2021-06-01 18:58:09,-2.9248,-39.9167,83.01,73,31,12.39
346,Alugan,PH,2021-06-01 18:58:09,12.2188,125.4808,79.56,82,100,13.56
347,Sansepolcro,IT,2021-06-01 18:58:10,43.5747,12.143,71.74,73,19,2.35
348,Kattivakkam,IN,2021-06-01 18:58:10,13.2167,80.3167,88.07,79,0,14.12
349,Okato,NZ,2021-06-01 18:58:10,-39.2,173.8833,45.68,80,100,6.15
350,Kant,IN,2021-06-01 18:58:11,27.8,79.8,89.37,33,90,5.86
351,Lamballe,FR,2021-06-01 18:58:11,48.4676,-2.5144,75.31,75,92,3.29
352,Iskilip,TR,2021-06-01 18:58:11,40.7353,34.4739,57.47,79,100,2.3
353,Margate,GB,2021-06-01 18:58:12,51.3813,1.3862,66.06,61,7,4.0
354,Sarany,RU,2021-06-01 18:58:12,58.5,58.8833,41.85,65,0,4.63
355,Iskateley,RU,2021-06-01 18:58:12,67.6803,53.1512,34.57,78,100,21.85
356,Maputo,MZ,2021-06-01 18:58:13,-25.9653,32.5892,59.23,90,97,1.99
357,Ikwiriri,TZ,2021-06-01 18:58:13,-7.9562,38.9716,69.3,96,15,2.84
358,Ponta Delgada,PT,2021-06-01 18:58:13,37.7333,-25.6667,63.32,59,20,14.97
359,Moron,AR,2021-06-01 18:58:13,-34.6534,-58.6198,64.96,56,100,3.0
360,Kjollefjord,NO,2021-06-01 18:58:14,70.9457,27.3465,44.65,93,75,15.23
361,Mayo,US,2021-06-01 18:56:31,38.8876,-76.5119,81.39,59,100,1.99
362,Peniche,PT,2021-06-01 18:58:14,39.3558,-9.3811,67.73,81,100,7.47
363,Krasnohrad,UA,2021-06-01 18:58:15,49.3814,35.4402,49.78,93,100,19.95
364,Manaquiri,BR,2021-06-01 18:58:15,-3.3167,-60.35,91.89,47,69,1.95
365,Klyuchi,RU,2021-06-01 18:58:15,52.2667,79.1667,71.33,38,69,8.28
366,Sur,OM,2021-06-01 18:58:16,22.5667,59.5289,94.91,34,0,10.47
367,Grindavik,IS,2021-06-01 18:58:16,63.8424,-22.4338,48.67,66,75,19.06
368,Kuching,MY,2021-06-01 18:58:16,1.55,110.3333,77.22,94,20,0.0
369,Wakkanai,JP,2021-06-01 18:58:16,45.4094,141.6739,47.88,86,99,12.3
370,Nome,US,2021-06-01 18:58:17,64.5011,-165.4064,49.15,45,0,7.96
371,Portland,US,2021-06-01 18:54:58,45.5234,-122.6762,87.1,47,37,1.99
372,Amapa,BR,2021-06-01 18:58:17,1.0,-52.0,80.08,94,29,2.82
373,Mul,IN,2021-06-01 18:58:18,20.0667,79.6667,86.09,56,95,7.16
374,Geraldton,AU,2021-06-01 18:58:18,-28.7667,114.6,53.13,87,0,7.94
375,Brae,GB,2021-06-01 18:58:18,60.3964,-1.353,51.71,76,10,6.89
376,Zyryanovsk,KZ,2021-06-01 18:58:19,49.7386,84.2719,60.73,71,86,1.7
377,Suna,RU,2021-06-01 18:58:19,57.8338,50.0588,47.62,66,6,6.6
378,San Antonio,US,2021-06-01 18:58:19,29.4241,-98.4936,85.19,67,75,1.01
379,Lazurne,UA,2021-06-01 18:58:20,46.084,32.5295,51.03,87,100,15.5
380,Plouzane,FR,2021-06-01 18:58:20,48.3833,-4.6167,73.72,68,0,3.83
381,Cervignano Del Friuli,IT,2021-06-01 18:58:20,45.8211,13.3381,67.96,58,3,4.63
382,Skagen,DK,2021-06-01 18:58:21,57.7209,10.5839,67.08,66,1,18.92
383,Knysna,ZA,2021-06-01 18:58:21,-34.0363,23.0471,55.78,87,10,5.21
384,Maniitsoq,GL,2021-06-01 18:58:21,65.4167,-52.9,39.18,78,75,7.67
385,Kawerau,NZ,2021-06-01 18:58:22,-38.1,176.7,42.67,92,0,3.76
386,Kolokani,ML,2021-06-01 18:58:22,13.5728,-8.0339,99.01,21,79,4.47
387,Garowe,SO,2021-06-01 18:58:22,8.4054,48.4845,82.36,53,100,20.51
388,Atherton,GB,2021-06-01 18:58:23,53.5237,-2.4935,74.75,54,99,10.02
389,Anaco,VE,2021-06-01 18:58:23,9.4389,-64.4728,91.51,39,82,10.6
390,Villa Guerrero,MX,2021-06-01 18:58:23,18.8667,-99.65,81.5,54,96,5.32
391,Huarmey,PE,2021-06-01 18:58:24,-10.0681,-78.1522,70.32,75,97,11.65
392,Urubamba,PE,2021-06-01 18:58:24,-13.3047,-72.1158,74.3,39,79,3.76
393,Pitimbu,BR,2021-06-01 18:58:24,-7.4706,-34.8086,82.99,71,3,10.07
394,Puerto Colombia,CO,2021-06-01 18:58:25,10.9878,-74.9547,87.89,73,100,12.53
395,Aksu,CN,2021-06-01 18:58:25,41.1231,80.2644,76.15,31,95,5.14
396,Kamenka,RU,2021-06-01 18:58:25,51.3223,42.7678,57.99,76,100,10.22
397,Waipawa,NZ,2021-06-01 18:58:26,-41.4122,175.5153,49.03,89,0,3.98
398,Killam,CA,2021-06-01 18:58:26,52.7834,-111.8518,78.39,33,100,13.8
399,Pangkalanbuun,ID,2021-06-01 18:58:26,-2.6833,111.6167,74.8,96,100,2.04
400,Laguna,US,2021-06-01 18:58:27,38.421,-121.4238,100.2,32,1,4.0
401,Kudahuvadhoo,MV,2021-06-01 18:58:27,2.6708,72.8944,83.7,65,25,14.67
402,Port Blair,IN,2021-06-01 18:58:27,11.6667,92.75,82.72,78,0,2.42
403,Bereda,ES,2021-06-01 18:58:28,43.2686,-7.5406,65.41,68,42,5.14
404,Boundiali,CI,2021-06-01 18:58:28,9.5217,-6.4869,82.06,62,9,1.59
405,Strezhevoy,RU,2021-06-01 18:58:28,60.7333,77.5889,39.18,68,13,5.64
406,Ust-Nera,RU,2021-06-01 18:58:28,64.5667,143.2,48.63,64,99,2.26
407,Keetmanshoop,NA,2021-06-01 18:58:29,-26.5833,18.1333,50.92,43,0,5.75
408,Quelimane,MZ,2021-06-01 18:55:06,-17.8786,36.8883,71.55,94,75,5.99
409,Kruisfontein,ZA,2021-06-01 18:58:29,-34.0033,24.7314,53.89,78,67,13.33
410,Seydi,TM,2021-06-01 18:58:30,39.4816,62.9137,92.05,13,0,9.86
411,Fort Nelson,CA,2021-06-01 18:58:30,58.8053,-122.7002,74.79,35,75,8.05
412,Northview,US,2021-06-01 18:58:30,43.0456,-85.6006,76.71,46,37,5.01
413,Pozo Colorado,PY,2021-06-01 18:58:30,-23.4923,-58.7972,86.81,32,0,7.9
414,Krasnyy Chikoy,RU,2021-06-01 18:58:31,50.3643,108.7512,36.43,100,100,2.26
415,Petropavlovsk-Kamchatskiy,RU,2021-06-01 18:58:31,53.0452,158.6483,36.19,93,75,0.27
416,Nichinan,JP,2021-06-01 18:58:31,31.6,131.3667,67.71,86,99,7.67
417,Harnosand,SE,2021-06-01 18:58:32,62.6323,17.9379,62.62,66,78,3.02
418,Tura,IN,2021-06-01 18:58:32,25.5198,90.2201,73.22,94,99,4.03
419,Lompoc,US,2021-06-01 18:58:32,34.6391,-120.4579,85.69,60,18,6.08
420,Dhidhdhoo,MV,2021-06-01 18:58:33,6.8833,73.1,83.21,74,76,17.54
421,Reforma,MX,2021-06-01 18:58:33,18.1,-91.0167,97.83,28,16,6.02
422,Walvis Bay,NA,2021-06-01 18:58:33,-22.9575,14.5053,61.75,63,0,7.14
423,Governador Valadares,BR,2021-06-01 18:56:58,-18.8511,-41.9494,84.79,48,84,2.84
424,Acajutla,SV,2021-06-01 18:58:34,13.5928,-89.8275,92.8,66,56,6.96
425,Malindi,KE,2021-06-01 18:58:34,-3.2175,40.1191,78.96,78,20,8.05
426,Inuvik,CA,2021-06-01 18:58:34,68.3499,-133.7218,34.81,69,90,10.36
427,Husavik,IS,2021-06-01 18:58:35,66.0449,-17.3389,51.71,72,100,4.68
428,Yuli,NG,2021-06-01 18:58:35,9.6989,10.2744,83.73,56,100,5.39
429,Coahuayana,MX,2021-06-01 18:58:36,18.7333,-103.6833,93.51,49,97,8.37
430,Kamina,CD,2021-06-01 18:58:36,-8.7386,24.9906,65.1,52,80,1.12
431,Hlatikulu,SZ,2021-06-01 18:58:36,-26.9667,31.3167,44.44,95,62,2.53
432,Lala,PH,2021-06-01 18:58:37,7.9745,123.7458,73.38,98,100,2.13
433,Zuwarah,LY,2021-06-01 18:58:37,32.9312,12.082,73.99,65,100,25.46
434,Nigde,TR,2021-06-01 18:58:37,37.8333,34.75,51.55,77,100,7.52
435,Durant,US,2021-06-01 18:58:38,33.994,-96.3708,73.11,77,90,9.22
436,Antofagasta,CL,2021-06-01 18:53:58,-23.65,-70.4,70.21,55,16,5.23
437,Sao Jose Da Coroa Grande,BR,2021-06-01 18:58:38,-8.8978,-35.1478,79.95,68,39,7.34
438,Saint-Francois,FR,2021-06-01 18:58:38,46.4154,3.9054,74.64,50,0,12.66
439,Maryborough,AU,2021-06-01 18:58:39,-25.5333,152.7,62.11,91,79,3.31
440,Biloela,AU,2021-06-01 18:58:39,-24.4167,150.5,54.21,88,2,4.12
441,Alyangula,AU,2021-06-01 18:58:39,-13.8483,136.4192,75.07,83,73,7.99
442,Puerto Rondon,CO,2021-06-01 18:58:40,6.2805,-71.1,73.65,96,100,4.88
443,Friendswood,US,2021-06-01 18:56:24,29.5294,-95.201,83.01,74,100,1.99
444,Balassagyarmat,HU,2021-06-01 18:58:40,48.073,19.2961,61.43,62,97,1.21
445,Pueblo Nuevo,MX,2021-06-01 18:58:41,23.3833,-105.3833,79.29,24,100,8.41
446,Khani,GE,2021-06-01 18:58:41,41.9563,42.9566,60.37,98,83,4.74
447,Paranhos,BR,2021-06-01 18:58:41,-23.8928,-55.4311,80.13,43,0,6.2
448,Grand-Lahou,CI,2021-06-01 18:58:41,5.1367,-5.0242,80.51,78,18,9.66
449,Baihar,IN,2021-06-01 18:58:42,22.1,80.55,84.2,51,100,3.78
450,Hit,IQ,2021-06-01 18:58:42,33.6416,42.8251,89.98,15,0,9.17
451,West Bay,KY,2021-06-01 18:58:42,19.3667,-81.4167,87.08,71,20,1.01
452,Margherita,IN,2021-06-01 18:58:43,27.2833,95.6833,72.95,99,91,1.54
453,Show Low,US,2021-06-01 18:58:18,34.2542,-110.0298,82.71,17,40,0.0
454,Berdychiv,UA,2021-06-01 18:57:07,49.8993,28.6024,48.2,86,100,8.88
455,Santa Cruz,BO,2021-06-01 18:56:26,-17.8,-63.1667,81.86,57,40,11.5
456,Colac,AU,2021-06-01 18:58:43,-38.3333,143.5833,52.09,72,100,1.39
457,Yulara,AU,2021-06-01 18:58:44,-25.2406,130.9889,51.64,71,40,5.75
458,Guarapari,BR,2021-06-01 18:58:44,-20.6667,-40.4975,79.92,73,100,6.13
459,Saryozek,KZ,2021-06-01 18:58:44,44.3583,77.9753,65.5,30,0,3.96
460,Mnogovershinnyy,RU,2021-06-01 18:58:45,53.9353,139.9242,50.2,76,78,4.45
461,Sitangkai,PH,2021-06-01 18:58:45,4.6628,119.3928,83.88,71,91,8.57
462,Chupa,RU,2021-06-01 18:58:45,66.27,33.0549,51.08,72,9,1.88
463,Urumqi,CN,2021-06-01 18:58:46,43.801,87.6005,76.15,22,0,5.17
464,Homer,US,2021-06-01 18:58:46,59.6425,-151.5483,57.07,66,62,11.01
465,Tiznit,MA,2021-06-01 18:58:46,29.5833,-9.5,69.82,53,52,6.64
466,Grand Gaube,MU,2021-06-01 18:58:47,-20.0064,57.6608,72.37,84,97,5.01
467,Pokaran,IN,2021-06-01 18:58:47,26.9167,71.9167,96.4,29,0,16.06
468,Korla,CN,2021-06-01 18:58:47,41.7597,86.1469,77.25,25,95,8.66
469,Kingaroy,AU,2021-06-01 18:58:48,-26.5333,151.8333,42.84,100,57,0.0
470,Olonets,RU,2021-06-01 18:58:48,60.9847,32.9698,52.95,70,99,5.08
471,Espeland,NO,2021-06-01 18:58:48,60.3833,5.4667,72.37,42,0,1.34
472,Bitkine,TD,2021-06-01 18:58:49,11.9801,18.2138,83.46,39,100,3.6
473,Marawi,PH,2021-06-01 18:58:49,7.9986,124.2928,66.65,94,100,6.62
474,Anshun,CN,2021-06-01 18:58:49,26.25,105.9333,63.61,91,100,2.98
475,Salta,AR,2021-06-01 18:56:09,-24.7859,-65.4117,75.79,33,0,7.0
476,Itacoatiara,BR,2021-06-01 18:58:50,-3.1431,-58.4442,91.89,45,36,2.95
477,Vista Hermosa,MX,2021-06-01 18:58:50,19.5167,-99.2167,74.39,33,41,7.29
478,Teofilo Otoni,BR,2021-06-01 18:58:50,-17.8575,-41.5053,82.67,46,68,5.21
479,Quatre Cocos,MU,2021-06-01 18:58:51,-20.2078,57.7625,72.09,75,63,14.72
480,Hoquiam,US,2021-06-01 18:58:51,46.9809,-123.8893,88.05,52,7,3.02
481,Noyabrsk,RU,2021-06-01 18:58:51,63.1994,75.4507,47.01,59,100,16.8
482,Oktyabrskiy,RU,2021-06-01 18:58:52,54.4815,53.471,56.75,89,91,6.58
483,Ouadda,CF,2021-06-01 18:58:52,8.0777,22.4007,68.13,94,100,5.19
484,Henties Bay,NA,2021-06-01 18:58:52,-22.116,14.2845,59.86,69,0,7.18
485,Aykhal,RU,2021-06-01 18:58:53,66.0,111.5,58.51,65,100,7.92
486,Irbeyskoye,RU,2021-06-01 18:58:53,55.6428,95.4522,48.18,79,0,4.85
487,San Benito Abad,CO,2021-06-01 18:58:53,8.929,-75.0271,82.33,72,100,2.19
488,Bani Walid,LY,2021-06-01 18:58:54,31.7566,13.9942,74.68,42,81,16.69
489,Almaznyy,RU,2021-06-01 18:58:54,48.0448,40.045,60.94,98,100,7.76
490,Xam Nua,LA,2021-06-01 18:58:54,20.4197,104.0439,71.26,83,100,3.27
491,Palu,ID,2021-06-01 18:58:54,-0.8917,119.8707,75.94,96,100,2.53
492,Manicore,BR,2021-06-01 18:58:55,-5.8092,-61.3003,94.5,29,5,3.33
493,Pacific Grove,US,2021-06-01 18:58:55,36.6177,-121.9166,80.15,86,39,3.0
494,Nabire,ID,2021-06-01 18:58:56,-3.3667,135.4833,76.08,93,100,2.75
495,Yenagoa,NG,2021-06-01 18:58:56,4.9247,6.2642,76.14,95,100,6.53
496,Abaete,BR,2021-06-01 18:58:56,-19.16,-45.4458,82.36,40,59,2.82
497,Roswell,US,2021-06-01 18:58:57,34.0232,-84.3616,82.67,52,45,5.99
498,Saint-Pierre,RE,2021-06-01 18:58:57,-21.3393,55.4781,76.68,69,90,14.97
499,Moerai,PF,2021-06-01 18:58:57,-22.4333,-151.3333,75.9,63,66,11.88
500,Troitsk,RU,2021-06-01 18:58:57,54.0979,61.5773,56.53,64,15,7.07
501,Jumla,NP,2021-06-01 18:58:58,29.2747,82.1838,54.46,85,9,3.44
502,Clarence Town,AU,2021-06-01 18:58:58,-32.5833,151.7833,53.56,68,100,2.95
503,Sampit,ID,2021-06-01 18:58:59,-2.5333,112.95,73.62,98,100,1.59
504,Vao,NC,2021-06-01 18:58:59,-22.6667,167.4833,68.72,60,100,11.56
505,Lazaro Cardenas,MX,2021-06-01 18:58:59,17.9583,-102.2,89.44,55,99,9.33
506,Chapais,CA,2021-06-01 18:59:00,49.7834,-74.8492,62.38,69,99,11.32
507,Stabat,ID,2021-06-01 18:59:00,3.761,98.4513,80.8,97,100,2.01
508,Safford,US,2021-06-01 18:59:00,32.834,-109.7076,92.52,23,7,8.99
509,Suoyarvi,RU,2021-06-01 18:59:01,62.0833,32.35,55.15,70,100,3.67
510,San Vicente,AR,2021-06-01 18:59:01,-26.6167,-54.1333,74.08,40,0,4.43
511,Port Hardy,CA,2021-06-01 18:59:01,50.6996,-127.4199,64.58,82,75,5.75
512,Verkhnevilyuysk,RU,2021-06-01 18:59:01,63.4453,120.3167,52.61,67,100,2.3
513,Mucurapo,TT,2021-06-01 18:59:02,10.6667,-61.5333,89.02,63,88,1.01
514,Abonnema,NG,2021-06-01 18:59:02,4.7084,6.7931,76.06,92,100,7.47
515,Delta Del Tigre,UY,2021-06-01 18:59:03,-34.7633,-56.3853,63.01,52,90,1.99
516,Sobolevo,RU,2021-06-01 18:59:03,54.4299,31.8996,48.49,71,18,7.4
517,Smolensk,RU,2021-06-01 18:59:03,55.0,33.0,47.01,72,0,5.7
518,Huilong,CN,2021-06-01 18:59:04,31.8111,121.655,69.04,78,100,25.14
519,Nishihara,JP,2021-06-01 18:59:04,26.1842,127.7558,76.28,88,75,11.41
520,Umea,SE,2021-06-01 18:59:04,63.8284,20.2597,60.73,51,0,3.44
521,Morondava,MG,2021-06-01 18:59:05,-20.2833,44.2833,74.41,77,100,9.95
522,Dunmore Town,BS,2021-06-01 18:59:05,25.5,-76.65,78.3,82,100,16.06
523,Bowen,AU,2021-06-01 18:59:06,-20.0167,148.2333,61.02,93,17,6.73
524,Vila Franca Do Campo,PT,2021-06-01 18:59:06,37.7167,-25.4333,63.01,61,19,14.29
525,Ferry Pass,US,2021-06-01 18:58:10,30.5102,-87.2125,89.17,71,75,11.5
526,Utete,TZ,2021-06-01 18:59:06,-7.986,38.758,69.26,94,26,2.89
527,Lodja,CD,2021-06-01 18:59:07,-3.4833,23.4333,76.64,51,100,1.83
528,Olafsvik,IS,2021-06-01 18:57:14,64.8945,-23.7142,45.52,78,12,16.51
529,Vostok,RU,2021-06-01 18:59:07,46.4856,135.8833,49.03,97,100,2.39
530,Amuntai,ID,2021-06-01 18:59:08,-2.4177,115.2494,74.77,96,100,1.43
531,Phek,IN,2021-06-01 18:59:08,25.6667,94.5,57.58,98,53,1.03
